{"B07209016": 100, "B07209013": 75.93949473166728, "B07": 10.14142527118773}