{"B07209016": 175.14326833701256, "B07209013": 137.9590293696452, "B07": 200}