{"B07209016": 201.3226705755533, "B07209013": 108.65185850378691, "B07": 14.510034699142189}