{"B07209016": 218.00360382769085, "B07209013": 182.363277, "B07": 248.94317195018425}