{"B07209016": 124.87248120000001, "B07209013": 67.39244576664532, "B07": 9}